<?xml version='1.0' encoding='utf-8'?>
<!DOCTYPE hibernate-configuration PUBLIC
        "-//Hibernate/Hibernate Configuration DTD//EN"
        "http://www.hibernate.org/dtd/hibernate-configuration-3.0.dtd">
<hibernate-configuration>
    <session-factory>
        <property name="dialect">org.hibernate.dialect.PostgreSQLDialect</property>
        <property name="connection.url">jdbc:postgresql://10.152.10.239:40762/postgres</property>
        <property name="connection.driver_class">org.postgresql.Driver</property>
        <property name="connection.username">postgres</property>
        <property name="connection.password">yMlfmlLlcY4bCddCNgpYBZqs25G0gg1zaXVCNcpLRRzj8vmA8x6zvZ4O1uVKqyWu</property>
        <property name="hibernate.show_sql">true</property>
        <property name="hibernate.current_session_context_class">thread</property>
        <mapping class="org.example.setgame.ent.GameEnt"/>
        <mapping class="org.example.setgame.ent.GameBoardCardEnt"/>
        <mapping class="org.example.setgame.ent.CardEnt"/>
        <mapping class="org.example.setgame.ent.PlayerEnt"/>
        <mapping class="org.example.setgame.ent.SetEnt"/>

    </session-factory>

        <!-- <property name="connection.username"/> -->
        <!-- <property name="connection.password"/> -->

        <!-- DB schema will be updated if needed -->
        <!-- <property name="hibernate.hbm2ddl.auto">update</property> -->
</hibernate-configuration>

